<?xml version="1.0" encoding="UTF-8"?>
<!DOCTYPE mapper
PUBLIC "-//mybatis.org//DTD Mapper 3.0//EN"
"http://mybatis.org/dtd/mybatis-3-mapper.dtd">
<mapper namespace="sist.spring.dao.helloSeoul">

	<select id="getDbUserPW" parameterType="String" resultType="String">
		select user_pw
		from userboard 
		where user_id = #{value}
	</select>
	
	<select id="getDbUserInfo" parameterType="String" resultType="com.bit.web.vo.JoinSeoulBean">
		select user_nick, user_first
		from userboard
		where user_id = #{value}
	</select>
	
	<select id="getUserInfo" parameterType="String" resultType="java.util.HashMap">
		select user_nick, country_no, user_birth, user_gender, user_pp, user_first
		from userboard 
		where user_id = #{value}
	</select>
	
	<select id="getCountryName" parameterType="Integer" resultType="String">
		select country_name
		from nation
		where country_no = #{contryNo}
	</select>
	
	<select id="getUserPlanner" parameterType="java.util.HashMap" resultType="java.util.HashMap">
		select planner_no, user_id, planner_start, planner_end, planner_title, planner_info, planner_regdate, update_user
		from planner
		where user_id = #{id} or planner_no in (select planner_no 
												from plannershare 
												where share_user_nick=#{nick})
		order by planner_no desc
	</select>
	
	<select id="getUserJjimList" parameterType="String" resultType="mypageJjim">
		select loc_pc, loc_name, loc_ctg1, loc_ctg2, loc_sg
		from jjim 
		where user_id = #{value}
	</select>
	
	<delete id="userJjimListDelete" parameterType="java.util.HashMap">
		delete from jjim
		where user_id = #{user_id} and loc_pc in ${str}
	</delete>
	
	<select id="getJjimInfo" parameterType="Integer" resultType="mainDb">
		select loc_pc, loc_name, loc_ctg1, loc_ctg2, loc_sg, loc_addr, loc_time, loc_tel, loc_info, loc_img, loc_x, loc_y, loc_tag
		from maindb 
		where loc_pc = #{value}
	</select>
	
	<select id="getPlannerNo" resultType="Integer">
		select planner_seq.nextval from dual
	</select>
	
	<insert id="plannerDataInsert" parameterType="com.bit.web.vo.MypagePlannerBean">
		insert into planner(PLANNER_NO, USER_ID, PLANNER_TITLE, PLANNER_START, PLANNER_END, PLANNER_INFO, PLANNER_REGDATE, UPDATE_USER)
		values(#{planner_no}, #{user_id}, #{planner_title}, #{planner_start}, #{planner_end}, #{planner_info}, sysdate, #{update_user})
	</insert>
	
	<select id="firstMainPlannerCreate" parameterType="Integer" resultType="java.util.HashMap">
		select planner_start, planner_end, planner_title, user_id
		from planner
		where planner_no = #{no}
	</select>
	
	<select id="mainPlannerDataSelect" parameterType="Integer" resultType="mypageMainPlanner">
		select mp.loc_pc, db.loc_name, db.loc_ctg1, db.loc_ctg2, db.loc_sg, db.loc_x, db.loc_y, mp.planner_date, mp.planner_shour, mp.planner_smin
		from mainplanner mp, maindb db
		where mp.loc_pc = db.loc_pc and planner_no = #{no}
		order by mp.planner_date, mp.planner_shour, mp.planner_smin
	</select>
	
	<select id="selectMainDbData" parameterType="String" resultType="mainDb">
		select loc_pc, loc_name, loc_ctg1, loc_ctg2, loc_sg, loc_x, loc_y
		from maindb
		where loc_pc in ${value}
	</select>
	
	<update id="plannerUpdateDate" parameterType="java.util.HashMap">
		update planner
		set planner_regdate = sysdate, update_user = #{nick}
		where planner_no = #{no}
	</update>
	
	<insert id="plannerScheduleInsert" parameterType="mypageMainPlanner">
		insert into mainplanner(planner_no, loc_pc, planner_date, planner_shour, planner_smin)
		values(#{planner_no}, #{loc_pc}, #{planner_date}, #{planner_shour}, #{planner_smin})
	</insert>
	
	<delete id="plannerScheduleDelete" parameterType="Integer">
		delete from mainplanner
		where planner_no = #{no}
	</delete>
	
	<delete id="plannerAllDelete" parameterType="Integer">
		delete from planner
		where planner_no = #{no}
	</delete>
	
	<select id="plannerShareCommunity" parameterType="Integer" resultType="Integer">
		select com_no
		from communityboard
		where planner_no = #{no}
	</select>
	
	<select id="mypageplannerInfo" parameterType="Integer" resultType="com.bit.web.vo.MypagePlannerBean">
		select planner_start, planner_end, planner_title, planner_info
		from planner
		where planner_no = #{no}
	</select>
	
	<update id="mypageDateUpdate" parameterType="com.bit.web.vo.MypagePlannerBean">
		update planner 
		set planner_title = #{planner_title}, planner_start = #{planner_start}, planner_end = #{planner_end}, planner_info = #{planner_info}, planner_regdate = sysdate, update_user = #{update_user}
		where planner_no = #{planner_no}
	</update>
	
	<select id="nickSearch" parameterType="java.util.HashMap" resultType="String">
		select user_nick
		from userboard
		where user_nick like '%'||#{nick}||'%' 
				and user_nick != #{user_nick}
				and user_nick not in (select share_user_nick 
										from plannershare 
										where planner_no = #{no} and share_user_nick is not null)
	</select>
	
	<select id="shareNickSelete" parameterType="java.util.HashMap" resultType="String">
		select share_user_nick
		from plannershare
		where share_user_nick = #{nick} and planner_no = #{no}
	</select>
	
	<insert id="shareNickInsert" parameterType="java.util.HashMap">
		insert into plannershare
		values(#{no}, #{nick})
	</insert>
	
	<select id="alreadyShareUser" parameterType="Integer" resultType="String">
		select share_user_nick
		from plannershare
		where planner_no = #{no}
	</select>
	
	<delete id="shareNickDelete" parameterType="java.util.HashMap">
		delete from plannershare
		where planner_no = #{no} and share_user_nick = #{nick}
	</delete>

</mapper>


