<?xml version="1.0" encoding="UTF-8"?>
<beans:beans xmlns="http://www.springframework.org/schema/mvc"
	xmlns:xsi="http://www.w3.org/2001/XMLSchema-instance"
	xmlns:beans="http://www.springframework.org/schema/beans"
	xmlns:context="http://www.springframework.org/schema/context"
	xsi:schemaLocation="http://www.springframework.org/schema/mvc https://www.springframework.org/schema/mvc/spring-mvc.xsd
		http://www.springframework.org/schema/beans https://www.springframework.org/schema/beans/spring-beans.xsd
		http://www.springframework.org/schema/context https://www.springframework.org/schema/context/spring-context.xsd">

	<!-- DispatcherServlet Context: defines this servlet's request-processing infrastructure -->
	
	<!-- Enables the Spring MVC @Controller programming model -->
	<annotation-driven />

	<!-- Handles HTTP GET requests for /resources/** by efficiently serving up static resources in the ${webappRoot}/resources directory -->
	<resources mapping="/resources/**" location="/resources/" />

	<!--db login -->
	<beans:bean id="ds" class="org.apache.commons.dbcp.BasicDataSource">
		<beans:property name="driverClassName" value="oracle.jdbc.OracleDriver" />
		<beans:property name="url" value="jdbc:oracle:thin:@localhost:1521:orcl" />
		<beans:property name="username" value="seoul"></beans:property>
		<beans:property name="password" value="1234"></beans:property>
	</beans:bean>

	<!-- log4jdbc -->
	<beans:bean id="dataSource" class="net.sf.log4jdbc.Log4jdbcProxyDataSource">
		<beans:constructor-arg ref="ds" />
		<beans:property name="logFormatter">
			<beans:bean class="net.sf.log4jdbc.tools.Log4JdbcCustomFormatter">
				<beans:property name="loggingType" value="MULTI_LINE" />
				<beans:property name="sqlPrefix" value="SQL:" />
			</beans:bean>
		</beans:property>
	</beans:bean>
	
	<beans:bean id="ssf" class="org.mybatis.spring.SqlSessionFactoryBean">
		<beans:property name="dataSource" ref="dataSource"></beans:property>
		<beans:property name="configLocation" value="/WEB-INF/Config.xml"></beans:property>
	</beans:bean>
	
	<beans:bean class="org.springframework.web.servlet.view.InternalResourceViewResolver">
		<beans:property name="prefix" value="/" />
		<beans:property name="suffix" value=".jsp" />
	</beans:bean>
	
	<beans:bean id="multipartResolver" class="org.springframework.web.multipart.commons.CommonsMultipartResolver">
		<beans:property name="defaultEncoding" value="UTF-8"></beans:property>
		<beans:property name="maxInMemorySize" value="10000000"></beans:property>
	</beans:bean>

<!-- 	<context:component-scan base-package="com.bit.web" /> -->
	<context:component-scan base-package="com.bit.web.dao" />
	<context:component-scan base-package="com.bit.web.controller" />
	
	
</beans:beans>